filename,patch_no,inval_pixels
MOD021KM.A2003231.0420.061.2017195085727.hdf,0,0
MOD021KM.A2003231.0420.061.2017195085727.hdf,1,0
MOD021KM.A2003231.0420.061.2017195085727.hdf,2,0
MOD021KM.A2003231.0420.061.2017195085727.hdf,3,0
MOD021KM.A2003231.0420.061.2017195085727.hdf,4,0
MOD021KM.A2003231.0420.061.2017195085727.hdf,5,0
MOD021KM.A2003231.0420.061.2017195085727.hdf,6,0
MOD021KM.A2003231.0420.061.2017195085727.hdf,7,0
MOD021KM.A2003231.0420.061.2017195085727.hdf,8,0
MOD021KM.A2003231.0420.061.2017195085727.hdf,9,0
MOD021KM.A2003231.0420.061.2017195085727.hdf,10,0
MOD021KM.A2003231.0420.061.2017195085727.hdf,11,0
MOD021KM.A2003231.0420.061.2017195085727.hdf,12,0
MOD021KM.A2003231.0420.061.2017195085727.hdf,13,0
MOD021KM.A2003231.0420.061.2017195085727.hdf,14,0
MOD021KM.A2003231.0420.061.2017195085727.hdf,15,0
MOD021KM.A2003231.0420.061.2017195085727.hdf,16,0
MOD021KM.A2003231.0420.061.2017195085727.hdf,17,0
MOD021KM.A2003231.0420.061.2017195085727.hdf,18,0
MOD021KM.A2003231.0420.061.2017195085727.hdf,19,0
MOD021KM.A2003231.0420.061.2017195085727.hdf,20,0
MOD021KM.A2003231.0420.061.2017195085727.hdf,21,0
MOD021KM.A2003231.0420.061.2017195085727.hdf,22,0
MOD021KM.A2003231.0420.061.2017195085727.hdf,23,0
MOD021KM.A2003231.0420.061.2017195085727.hdf,24,0
MOD021KM.A2003231.0420.061.2017195085727.hdf,25,0
MOD021KM.A2003231.0420.061.2017195085727.hdf,26,0
MOD021KM.A2003231.0420.061.2017195085727.hdf,27,0
MOD021KM.A2003231.0420.061.2017195085727.hdf,28,0
MOD021KM.A2003231.0420.061.2017195085727.hdf,29,0
MOD021KM.A2003231.0420.061.2017195085727.hdf,30,0
MOD021KM.A2003231.0420.061.2017195085727.hdf,31,0
MOD021KM.A2003231.0420.061.2017195085727.hdf,32,0
MOD021KM.A2003231.0420.061.2017195085727.hdf,33,0
MOD021KM.A2003231.0420.061.2017195085727.hdf,34,0
MOD021KM.A2003231.0420.061.2017195085727.hdf,35,0
MOD021KM.A2003231.0420.061.2017195085727.hdf,36,0
MOD021KM.A2003231.0420.061.2017195085727.hdf,37,0
MOD021KM.A2003231.0420.061.2017195085727.hdf,38,0
MOD021KM.A2003231.0420.061.2017195085727.hdf,39,0
MOD021KM.A2003231.0420.061.2017195085727.hdf,40,0
MOD021KM.A2003231.0420.061.2017195085727.hdf,41,0
MOD021KM.A2003231.0420.061.2017195085727.hdf,42,0
MOD021KM.A2003231.0420.061.2017195085727.hdf,43,0
MOD021KM.A2003231.0420.061.2017195085727.hdf,44,0
MOD021KM.A2003231.0420.061.2017195085727.hdf,45,0
MOD021KM.A2003231.0420.061.2017195085727.hdf,46,0
MOD021KM.A2003231.0420.061.2017195085727.hdf,47,0
MOD021KM.A2003231.0420.061.2017195085727.hdf,48,0
MOD021KM.A2003231.0420.061.2017195085727.hdf,49,0
MOD021KM.A2003231.0420.061.2017195085727.hdf,50,0
MOD021KM.A2003231.0420.061.2017195085727.hdf,51,0
MOD021KM.A2003231.0420.061.2017195085727.hdf,52,0
MOD021KM.A2003231.0420.061.2017195085727.hdf,53,0
MOD021KM.A2003231.0420.061.2017195085727.hdf,54,0
MOD021KM.A2003231.0420.061.2017195085727.hdf,55,0
MOD021KM.A2003231.0420.061.2017195085727.hdf,56,0
MOD021KM.A2003231.0420.061.2017195085727.hdf,57,0
MOD021KM.A2003231.0420.061.2017195085727.hdf,58,0
MOD021KM.A2003231.0420.061.2017195085727.hdf,59,0
MOD021KM.A2003231.0420.061.2017195085727.hdf,60,0
MOD021KM.A2003231.0420.061.2017195085727.hdf,61,0
MOD021KM.A2003231.0420.061.2017195085727.hdf,62,0
MOD021KM.A2003231.0420.061.2017195085727.hdf,63,0
MOD021KM.A2003231.0420.061.2017195085727.hdf,64,0
MOD021KM.A2003231.0420.061.2017195085727.hdf,65,0
MOD021KM.A2003231.0420.061.2017195085727.hdf,66,0
MOD021KM.A2003231.0420.061.2017195085727.hdf,67,0
MOD021KM.A2003231.0420.061.2017195085727.hdf,68,0
MOD021KM.A2003231.0420.061.2017195085727.hdf,69,0
MOD021KM.A2003231.0420.061.2017195085727.hdf,70,0
MOD021KM.A2003231.0420.061.2017195085727.hdf,71,0
MOD021KM.A2003231.0420.061.2017195085727.hdf,72,0
MOD021KM.A2003231.0420.061.2017195085727.hdf,73,0
MOD021KM.A2003231.0420.061.2017195085727.hdf,74,0
MOD021KM.A2003231.0420.061.2017195085727.hdf,75,0
MOD021KM.A2003231.0420.061.2017195085727.hdf,76,0
MOD021KM.A2003231.0420.061.2017195085727.hdf,77,0
MOD021KM.A2003231.0420.061.2017195085727.hdf,78,0
MOD021KM.A2003231.0420.061.2017195085727.hdf,79,0
MOD021KM.A2003231.0420.061.2017195085727.hdf,80,0
MOD021KM.A2003231.0420.061.2017195085727.hdf,81,0
MOD021KM.A2003231.0420.061.2017195085727.hdf,82,0
MOD021KM.A2003231.0420.061.2017195085727.hdf,83,0
MOD021KM.A2003231.0420.061.2017195085727.hdf,84,0
MOD021KM.A2003231.0420.061.2017195085727.hdf,85,0
MOD021KM.A2003231.0420.061.2017195085727.hdf,86,0
MOD021KM.A2003231.0420.061.2017195085727.hdf,87,0
MOD021KM.A2003231.0420.061.2017195085727.hdf,88,0
MOD021KM.A2003231.0420.061.2017195085727.hdf,89,0
MOD021KM.A2003231.0420.061.2017195085727.hdf,90,0
MOD021KM.A2003231.0420.061.2017195085727.hdf,91,0
MOD021KM.A2003231.0420.061.2017195085727.hdf,92,0
MOD021KM.A2003231.0420.061.2017195085727.hdf,93,0
MOD021KM.A2003231.0420.061.2017195085727.hdf,94,0
MOD021KM.A2003231.0420.061.2017195085727.hdf,95,0
MOD021KM.A2003231.0420.061.2017195085727.hdf,96,0
MOD021KM.A2003231.0420.061.2017195085727.hdf,97,0
MOD021KM.A2003231.0420.061.2017195085727.hdf,98,0
MOD021KM.A2003231.0420.061.2017195085727.hdf,99,0
MOD021KM.A2003231.0420.061.2017195085727.hdf,100,0
MOD021KM.A2003231.0420.061.2017195085727.hdf,101,0
MOD021KM.A2003231.0420.061.2017195085727.hdf,102,0
MOD021KM.A2003231.0420.061.2017195085727.hdf,103,0
MOD021KM.A2003231.0420.061.2017195085727.hdf,104,0
MOD021KM.A2003231.0420.061.2017195085727.hdf,105,0
MOD021KM.A2003231.0420.061.2017195085727.hdf,106,0
MOD021KM.A2003231.0420.061.2017195085727.hdf,107,0
MOD021KM.A2003231.0420.061.2017195085727.hdf,108,0
MOD021KM.A2003231.0420.061.2017195085727.hdf,109,0
MOD021KM.A2003231.0420.061.2017195085727.hdf,110,0
MOD021KM.A2003231.0420.061.2017195085727.hdf,111,0
MOD021KM.A2003231.0420.061.2017195085727.hdf,112,0
MOD021KM.A2003231.0420.061.2017195085727.hdf,113,0
MOD021KM.A2003231.0420.061.2017195085727.hdf,114,0
MOD021KM.A2003231.0420.061.2017195085727.hdf,115,0
MOD021KM.A2003231.0420.061.2017195085727.hdf,116,0
MOD021KM.A2003231.0420.061.2017195085727.hdf,117,0
MOD021KM.A2003231.0420.061.2017195085727.hdf,118,0
MOD021KM.A2003231.0420.061.2017195085727.hdf,119,0
MOD021KM.A2003231.0420.061.2017195085727.hdf,120,0
MOD021KM.A2003231.0420.061.2017195085727.hdf,121,0
MOD021KM.A2003231.0420.061.2017195085727.hdf,122,0
MOD021KM.A2003231.0420.061.2017195085727.hdf,123,0
MOD021KM.A2003231.0420.061.2017195085727.hdf,124,0
MOD021KM.A2003231.0420.061.2017195085727.hdf,125,0
MOD021KM.A2003231.0420.061.2017195085727.hdf,126,0
MOD021KM.A2003231.0420.061.2017195085727.hdf,127,0
MOD021KM.A2003231.0420.061.2017195085727.hdf,128,0
MOD021KM.A2003231.0420.061.2017195085727.hdf,129,0
MOD021KM.A2003231.0420.061.2017195085727.hdf,130,0
MOD021KM.A2003231.0420.061.2017195085727.hdf,131,0
MOD021KM.A2003231.0420.061.2017195085727.hdf,132,0
MOD021KM.A2003231.0420.061.2017195085727.hdf,133,0
MOD021KM.A2003231.0420.061.2017195085727.hdf,134,0
MOD021KM.A2003231.0420.061.2017195085727.hdf,135,0
MOD021KM.A2003231.0420.061.2017195085727.hdf,136,0
MOD021KM.A2003231.0420.061.2017195085727.hdf,137,0
MOD021KM.A2003231.0420.061.2017195085727.hdf,138,0
MOD021KM.A2003231.0420.061.2017195085727.hdf,139,0
MOD021KM.A2003231.0420.061.2017195085727.hdf,140,0
MOD021KM.A2003231.0420.061.2017195085727.hdf,141,0
MOD021KM.A2003231.0420.061.2017195085727.hdf,142,0
MOD021KM.A2003231.0420.061.2017195085727.hdf,143,0
MOD021KM.A2003231.0420.061.2017195085727.hdf,144,0
MOD021KM.A2003231.0420.061.2017195085727.hdf,145,0
MOD021KM.A2002149.0435.061.2017181155333.hdf,0,0
MOD021KM.A2002149.0435.061.2017181155333.hdf,1,0
MOD021KM.A2002149.0435.061.2017181155333.hdf,2,0
MOD021KM.A2002149.0435.061.2017181155333.hdf,3,0
MOD021KM.A2002149.0435.061.2017181155333.hdf,4,0
MOD021KM.A2002149.0435.061.2017181155333.hdf,5,0
MOD021KM.A2002149.0435.061.2017181155333.hdf,6,0
MOD021KM.A2002149.0435.061.2017181155333.hdf,7,0
MOD021KM.A2002149.0435.061.2017181155333.hdf,8,0
MOD021KM.A2002149.0435.061.2017181155333.hdf,9,0
MOD021KM.A2002149.0435.061.2017181155333.hdf,10,0
MOD021KM.A2002149.0435.061.2017181155333.hdf,11,0
MOD021KM.A2002149.0435.061.2017181155333.hdf,12,0
MOD021KM.A2002149.0435.061.2017181155333.hdf,13,0
MOD021KM.A2002149.0435.061.2017181155333.hdf,14,0
MOD021KM.A2002149.0435.061.2017181155333.hdf,15,0
MOD021KM.A2002149.0435.061.2017181155333.hdf,16,0
MOD021KM.A2002149.0435.061.2017181155333.hdf,17,0
MOD021KM.A2002149.0435.061.2017181155333.hdf,18,0
MOD021KM.A2002149.0435.061.2017181155333.hdf,19,0
MOD021KM.A2002149.0435.061.2017181155333.hdf,20,0
MOD021KM.A2002149.0435.061.2017181155333.hdf,21,0
MOD021KM.A2002149.0435.061.2017181155333.hdf,22,0
MOD021KM.A2002149.0435.061.2017181155333.hdf,23,0
MOD021KM.A2002149.0435.061.2017181155333.hdf,24,0
MOD021KM.A2002149.0435.061.2017181155333.hdf,25,0
MOD021KM.A2002149.0435.061.2017181155333.hdf,26,0
MOD021KM.A2002149.0435.061.2017181155333.hdf,27,0
MOD021KM.A2002149.0435.061.2017181155333.hdf,28,0
MOD021KM.A2002149.0435.061.2017181155333.hdf,29,0
MOD021KM.A2002149.0435.061.2017181155333.hdf,30,0
MOD021KM.A2002149.0435.061.2017181155333.hdf,31,0
MOD021KM.A2002149.0435.061.2017181155333.hdf,32,0
MOD021KM.A2002149.0435.061.2017181155333.hdf,33,0
MOD021KM.A2002149.0435.061.2017181155333.hdf,34,20
MOD021KM.A2002149.0435.061.2017181155333.hdf,35,0
MOD021KM.A2002149.0435.061.2017181155333.hdf,36,0
MOD021KM.A2002149.0435.061.2017181155333.hdf,37,0
MOD021KM.A2002149.0435.061.2017181155333.hdf,38,0
MOD021KM.A2002149.0435.061.2017181155333.hdf,39,0
MOD021KM.A2002149.0435.061.2017181155333.hdf,40,0
MOD021KM.A2002149.0435.061.2017181155333.hdf,41,0
MOD021KM.A2002149.0435.061.2017181155333.hdf,42,0
MOD021KM.A2002149.0435.061.2017181155333.hdf,43,0
MOD021KM.A2002149.0435.061.2017181155333.hdf,44,0
MOD021KM.A2002149.0435.061.2017181155333.hdf,45,0
MOD021KM.A2002149.0435.061.2017181155333.hdf,46,0
MOD021KM.A2002149.0435.061.2017181155333.hdf,47,0
MOD021KM.A2004209.0745.061.2017201233929.hdf,0,0
MOD021KM.A2004209.0745.061.2017201233929.hdf,1,0
MOD021KM.A2004209.0745.061.2017201233929.hdf,2,0
MOD021KM.A2004209.0745.061.2017201233929.hdf,3,0
MOD021KM.A2004209.0745.061.2017201233929.hdf,4,0
MOD021KM.A2004209.0745.061.2017201233929.hdf,5,0
MOD021KM.A2004209.0745.061.2017201233929.hdf,6,0
MOD021KM.A2004209.0745.061.2017201233929.hdf,7,0
MOD021KM.A2004209.0745.061.2017201233929.hdf,8,0
MOD021KM.A2004209.0745.061.2017201233929.hdf,9,0
MOD021KM.A2004209.0745.061.2017201233929.hdf,10,0
MOD021KM.A2004209.0745.061.2017201233929.hdf,11,0
MOD021KM.A2004209.0745.061.2017201233929.hdf,12,0
MOD021KM.A2004209.0745.061.2017201233929.hdf,13,0
MOD021KM.A2004209.0745.061.2017201233929.hdf,14,0
MOD021KM.A2004209.0745.061.2017201233929.hdf,15,0
MOD021KM.A2004209.0745.061.2017201233929.hdf,16,0
MOD021KM.A2004209.0745.061.2017201233929.hdf,17,0
MOD021KM.A2004209.0745.061.2017201233929.hdf,18,0
MOD021KM.A2004209.0745.061.2017201233929.hdf,19,0
MOD021KM.A2004209.0745.061.2017201233929.hdf,20,0
MOD021KM.A2004209.0745.061.2017201233929.hdf,21,0
MOD021KM.A2004209.0745.061.2017201233929.hdf,22,0
MOD021KM.A2004209.0745.061.2017201233929.hdf,23,0
MOD021KM.A2004209.0745.061.2017201233929.hdf,24,0
MOD021KM.A2004209.0745.061.2017201233929.hdf,25,0
MOD021KM.A2004209.0745.061.2017201233929.hdf,26,0
MOD021KM.A2004209.0745.061.2017201233929.hdf,27,0
MOD021KM.A2004209.0745.061.2017201233929.hdf,28,0
MOD021KM.A2004209.0745.061.2017201233929.hdf,29,0
MOD021KM.A2004209.0745.061.2017201233929.hdf,30,0
MOD021KM.A2004209.0745.061.2017201233929.hdf,31,0
MOD021KM.A2004209.0745.061.2017201233929.hdf,32,0
MOD021KM.A2004209.0745.061.2017201233929.hdf,33,0
MOD021KM.A2004209.0745.061.2017201233929.hdf,34,0
MOD021KM.A2004209.0745.061.2017201233929.hdf,35,0
MOD021KM.A2004209.0745.061.2017201233929.hdf,36,0
MOD021KM.A2004209.0745.061.2017201233929.hdf,37,0
MOD021KM.A2004209.0745.061.2017201233929.hdf,38,0
MOD021KM.A2004209.0745.061.2017201233929.hdf,39,0
MOD021KM.A2004209.0745.061.2017201233929.hdf,40,0
MOD021KM.A2004209.0745.061.2017201233929.hdf,41,0
MOD021KM.A2004209.0745.061.2017201233929.hdf,42,0
MOD021KM.A2004209.0745.061.2017201233929.hdf,43,0
MOD021KM.A2004209.0745.061.2017201233929.hdf,44,0
MOD021KM.A2004209.0745.061.2017201233929.hdf,45,0
MOD021KM.A2004209.0745.061.2017201233929.hdf,46,0
MOD021KM.A2004209.0745.061.2017201233929.hdf,47,0
MOD021KM.A2004209.0745.061.2017201233929.hdf,48,0
MOD021KM.A2005305.0605.061.2017191005728.hdf,0,0
MOD021KM.A2005305.0605.061.2017191005728.hdf,1,0
MOD021KM.A2005305.0605.061.2017191005728.hdf,2,0
MOD021KM.A2005305.0605.061.2017191005728.hdf,3,0
MOD021KM.A2005305.0605.061.2017191005728.hdf,4,0
MOD021KM.A2005305.0605.061.2017191005728.hdf,5,0
MOD021KM.A2005305.0605.061.2017191005728.hdf,6,0
MOD021KM.A2005305.0605.061.2017191005728.hdf,7,0
MOD021KM.A2005305.0605.061.2017191005728.hdf,8,0
MOD021KM.A2005305.0605.061.2017191005728.hdf,9,0
MOD021KM.A2005305.0605.061.2017191005728.hdf,10,0
MOD021KM.A2005305.0605.061.2017191005728.hdf,11,0
MOD021KM.A2005305.0605.061.2017191005728.hdf,12,0
MOD021KM.A2005305.0605.061.2017191005728.hdf,13,0
MOD021KM.A2005305.0605.061.2017191005728.hdf,14,0
MOD021KM.A2005305.0605.061.2017191005728.hdf,15,0
MOD021KM.A2005305.0605.061.2017191005728.hdf,16,0
MOD021KM.A2005305.0605.061.2017191005728.hdf,17,0
MOD021KM.A2005305.0605.061.2017191005728.hdf,18,0
MOD021KM.A2005305.0605.061.2017191005728.hdf,19,0
MOD021KM.A2005305.0605.061.2017191005728.hdf,20,0
MOD021KM.A2005305.0605.061.2017191005728.hdf,21,0
MOD021KM.A2005305.0605.061.2017191005728.hdf,22,0
MOD021KM.A2005305.0605.061.2017191005728.hdf,23,0
MOD021KM.A2005305.0605.061.2017191005728.hdf,24,0
MOD021KM.A2005305.0605.061.2017191005728.hdf,25,0
MOD021KM.A2005305.0605.061.2017191005728.hdf,26,0
MOD021KM.A2005305.0605.061.2017191005728.hdf,27,0
MOD021KM.A2005305.0605.061.2017191005728.hdf,28,0
MOD021KM.A2005305.0605.061.2017191005728.hdf,29,0
MOD021KM.A2005305.0605.061.2017191005728.hdf,30,0
MOD021KM.A2005305.0605.061.2017191005728.hdf,31,0
MOD021KM.A2005305.0605.061.2017191005728.hdf,32,0
MOD021KM.A2005305.0605.061.2017191005728.hdf,33,0
MOD021KM.A2005305.0605.061.2017191005728.hdf,34,0
MOD021KM.A2005305.0605.061.2017191005728.hdf,35,0
MOD021KM.A2005305.0605.061.2017191005728.hdf,36,0
MOD021KM.A2005305.0605.061.2017191005728.hdf,37,0
MOD021KM.A2005305.0605.061.2017191005728.hdf,38,0
MOD021KM.A2005305.0605.061.2017191005728.hdf,39,0
MOD021KM.A2005305.0605.061.2017191005728.hdf,40,0
MOD021KM.A2005305.0605.061.2017191005728.hdf,41,0
MOD021KM.A2005305.0605.061.2017191005728.hdf,42,0
MOD021KM.A2005305.0605.061.2017191005728.hdf,43,0
MOD021KM.A2005305.0605.061.2017191005728.hdf,44,0
MOD021KM.A2005305.0605.061.2017191005728.hdf,45,0
MOD021KM.A2005305.0605.061.2017191005728.hdf,46,0
MOD021KM.A2005305.0605.061.2017191005728.hdf,47,0
MOD021KM.A2005305.0605.061.2017191005728.hdf,48,0
MOD021KM.A2005305.0605.061.2017191005728.hdf,49,0
MOD021KM.A2005305.0605.061.2017191005728.hdf,50,0
MOD021KM.A2005305.0605.061.2017191005728.hdf,51,0
MOD021KM.A2005305.0605.061.2017191005728.hdf,52,0
MOD021KM.A2005305.0605.061.2017191005728.hdf,53,0
MOD021KM.A2005305.0605.061.2017191005728.hdf,54,0
MOD021KM.A2005305.0605.061.2017191005728.hdf,55,0
MOD021KM.A2005305.0605.061.2017191005728.hdf,56,0
MOD021KM.A2005305.0605.061.2017191005728.hdf,57,0
MOD021KM.A2005305.0605.061.2017191005728.hdf,58,0
MOD021KM.A2005305.0605.061.2017191005728.hdf,59,0
MOD021KM.A2005305.0605.061.2017191005728.hdf,60,0
MOD021KM.A2005305.0605.061.2017191005728.hdf,61,0
MOD021KM.A2005305.0605.061.2017191005728.hdf,62,0
MOD021KM.A2005305.0605.061.2017191005728.hdf,63,0
MOD021KM.A2005305.0605.061.2017191005728.hdf,64,0
MOD021KM.A2005305.0605.061.2017191005728.hdf,65,0
MOD021KM.A2005305.0605.061.2017191005728.hdf,66,0
MOD021KM.A2005305.0605.061.2017191005728.hdf,67,0
MOD021KM.A2005305.0605.061.2017191005728.hdf,68,0
MOD021KM.A2005305.0605.061.2017191005728.hdf,69,0
MOD021KM.A2005305.0605.061.2017191005728.hdf,70,0
MOD021KM.A2005305.0605.061.2017191005728.hdf,71,0
MOD021KM.A2005305.0605.061.2017191005728.hdf,72,0
MOD021KM.A2005305.0605.061.2017191005728.hdf,73,0
MOD021KM.A2005305.0605.061.2017191005728.hdf,74,0
MOD021KM.A2005305.0605.061.2017191005728.hdf,75,0
MOD021KM.A2005305.0605.061.2017191005728.hdf,76,0
MOD021KM.A2005305.0605.061.2017191005728.hdf,77,0
MOD021KM.A2005305.0605.061.2017191005728.hdf,78,0
MOD021KM.A2005305.0605.061.2017191005728.hdf,79,0
MOD021KM.A2005305.0605.061.2017191005728.hdf,80,0
MOD021KM.A2005305.0605.061.2017191005728.hdf,81,0
MOD021KM.A2005305.0605.061.2017191005728.hdf,82,0
MOD021KM.A2005305.0605.061.2017191005728.hdf,83,0
MOD021KM.A2005305.0605.061.2017191005728.hdf,84,0
MOD021KM.A2005305.0605.061.2017191005728.hdf,85,0
MOD021KM.A2005305.0605.061.2017191005728.hdf,86,0
MOD021KM.A2005305.0605.061.2017191005728.hdf,87,0
MOD021KM.A2005305.0605.061.2017191005728.hdf,88,0
MOD021KM.A2005305.0605.061.2017191005728.hdf,89,0
MOD021KM.A2005305.0605.061.2017191005728.hdf,90,0
MOD021KM.A2005305.0605.061.2017191005728.hdf,91,0
MOD021KM.A2005305.0605.061.2017191005728.hdf,92,0
MOD021KM.A2005305.0605.061.2017191005728.hdf,93,0
MOD021KM.A2005305.0605.061.2017191005728.hdf,94,0
MOD021KM.A2005305.0605.061.2017191005728.hdf,95,0
MOD021KM.A2005305.0605.061.2017191005728.hdf,96,0
MOD021KM.A2005305.0605.061.2017191005728.hdf,97,0
MOD021KM.A2005305.0605.061.2017191005728.hdf,98,0
MOD021KM.A2005305.0605.061.2017191005728.hdf,99,0
MOD021KM.A2005305.0605.061.2017191005728.hdf,100,0
MOD021KM.A2005305.0605.061.2017191005728.hdf,101,0
MOD021KM.A2005305.0605.061.2017191005728.hdf,102,0
MOD021KM.A2005305.0605.061.2017191005728.hdf,103,0
MOD021KM.A2005305.0605.061.2017191005728.hdf,104,0
MOD021KM.A2005305.0605.061.2017191005728.hdf,105,0
MOD021KM.A2005305.0605.061.2017191005728.hdf,106,0
MOD021KM.A2005305.0605.061.2017191005728.hdf,107,0
MOD021KM.A2005305.0605.061.2017191005728.hdf,108,0
MOD021KM.A2005305.0605.061.2017191005728.hdf,109,0
MOD021KM.A2005305.0605.061.2017191005728.hdf,110,1
MOD021KM.A2005305.0605.061.2017191005728.hdf,111,0
MOD021KM.A2005305.0605.061.2017191005728.hdf,112,0
MOD021KM.A2005305.0605.061.2017191005728.hdf,113,0
MOD021KM.A2005305.0605.061.2017191005728.hdf,114,0
MOD021KM.A2005305.0605.061.2017191005728.hdf,115,0
MOD021KM.A2005305.0605.061.2017191005728.hdf,116,0
MOD021KM.A2005305.0605.061.2017191005728.hdf,117,0
MOD021KM.A2005305.0605.061.2017191005728.hdf,118,0
MOD021KM.A2005305.0605.061.2017191005728.hdf,119,0
MOD021KM.A2005305.0605.061.2017191005728.hdf,120,0
MOD021KM.A2005305.0605.061.2017191005728.hdf,121,0
MOD021KM.A2005305.0605.061.2017191005728.hdf,122,0
MOD021KM.A2005305.0605.061.2017191005728.hdf,123,0
MOD021KM.A2005305.0605.061.2017191005728.hdf,124,0
MOD021KM.A2005305.0605.061.2017191005728.hdf,125,0
MOD021KM.A2005305.0605.061.2017191005728.hdf,126,0
MOD021KM.A2005305.0605.061.2017191005728.hdf,127,0
MOD021KM.A2005305.0605.061.2017191005728.hdf,128,0
MOD021KM.A2005305.0605.061.2017191005728.hdf,129,0
MOD021KM.A2005305.0605.061.2017191005728.hdf,130,0
MOD021KM.A2000260.0000.061.2017175004738.hdf,0,76
MOD021KM.A2000260.0000.061.2017175004738.hdf,1,54
MOD021KM.A2000260.0000.061.2017175004738.hdf,2,78
MOD021KM.A2000260.0000.061.2017175004738.hdf,3,121
MOD021KM.A2000260.0000.061.2017175004738.hdf,4,111
MOD021KM.A2000260.0000.061.2017175004738.hdf,5,3
MOD021KM.A2000260.0000.061.2017175004738.hdf,6,106
MOD021KM.A2000260.0000.061.2017175004738.hdf,7,47
MOD021KM.A2000260.0000.061.2017175004738.hdf,8,50
MOD021KM.A2000260.0000.061.2017175004738.hdf,9,22
MOD021KM.A2000260.0000.061.2017175004738.hdf,10,0
MOD021KM.A2000260.0000.061.2017175004738.hdf,11,0
MOD021KM.A2000260.0000.061.2017175004738.hdf,12,0
MOD021KM.A2000260.0000.061.2017175004738.hdf,13,16
MOD021KM.A2000260.0000.061.2017175004738.hdf,14,53
MOD021KM.A2000260.0000.061.2017175004738.hdf,15,180
MOD021KM.A2000260.0000.061.2017175004738.hdf,16,56
MOD021KM.A2000260.0000.061.2017175004738.hdf,17,0
MOD021KM.A2000260.0000.061.2017175004738.hdf,18,0
MOD021KM.A2000260.0000.061.2017175004738.hdf,19,0
MOD021KM.A2000260.0000.061.2017175004738.hdf,20,0
MOD021KM.A2000260.0000.061.2017175004738.hdf,21,0
MOD021KM.A2000260.0000.061.2017175004738.hdf,22,0
MOD021KM.A2000260.0000.061.2017175004738.hdf,23,0
MOD021KM.A2000260.0000.061.2017175004738.hdf,24,14
MOD021KM.A2000260.0000.061.2017175004738.hdf,25,7
MOD021KM.A2000260.0000.061.2017175004738.hdf,26,0
MOD021KM.A2000260.0000.061.2017175004738.hdf,27,0
MOD021KM.A2000260.0000.061.2017175004738.hdf,28,0
MOD021KM.A2000260.0000.061.2017175004738.hdf,29,0
MOD021KM.A2000260.0000.061.2017175004738.hdf,30,0
MOD021KM.A2000260.0000.061.2017175004738.hdf,31,0
MOD021KM.A2000260.0000.061.2017175004738.hdf,32,0
MOD021KM.A2000260.0000.061.2017175004738.hdf,33,0
MOD021KM.A2000260.0000.061.2017175004738.hdf,34,0
MOD021KM.A2000260.0000.061.2017175004738.hdf,35,0
MOD021KM.A2000260.0000.061.2017175004738.hdf,36,0
MOD021KM.A2000260.0000.061.2017175004738.hdf,37,0
MOD021KM.A2000260.0000.061.2017175004738.hdf,38,0
MOD021KM.A2000260.0000.061.2017175004738.hdf,39,0
MOD021KM.A2000260.0000.061.2017175004738.hdf,40,0
MOD021KM.A2000260.0000.061.2017175004738.hdf,41,19
MOD021KM.A2000260.0000.061.2017175004738.hdf,42,0
MOD021KM.A2000260.0000.061.2017175004738.hdf,43,0
MOD021KM.A2000260.0000.061.2017175004738.hdf,44,0
MOD021KM.A2000260.0000.061.2017175004738.hdf,45,0
MOD021KM.A2000260.0000.061.2017175004738.hdf,46,0
MOD021KM.A2000260.0000.061.2017175004738.hdf,47,0
MOD021KM.A2000260.0000.061.2017175004738.hdf,48,0
MOD021KM.A2000260.0000.061.2017175004738.hdf,49,0
MOD021KM.A2000260.0000.061.2017175004738.hdf,50,1
MOD021KM.A2000260.0000.061.2017175004738.hdf,51,0
MOD021KM.A2000260.0000.061.2017175004738.hdf,52,0
MOD021KM.A2000260.0000.061.2017175004738.hdf,53,0
MOD021KM.A2000260.0000.061.2017175004738.hdf,54,0
MOD021KM.A2000260.0000.061.2017175004738.hdf,55,0
MOD021KM.A2000260.0000.061.2017175004738.hdf,56,0
MOD021KM.A2000260.0000.061.2017175004738.hdf,57,0
MOD021KM.A2000260.0000.061.2017175004738.hdf,58,0
MOD021KM.A2000260.0000.061.2017175004738.hdf,59,0
MOD021KM.A2000260.0000.061.2017175004738.hdf,60,0
MOD021KM.A2000260.0000.061.2017175004738.hdf,61,0
MOD021KM.A2000260.0000.061.2017175004738.hdf,62,0
MOD021KM.A2000260.0000.061.2017175004738.hdf,63,0
MOD021KM.A2000260.0000.061.2017175004738.hdf,64,0
MOD021KM.A2000260.0000.061.2017175004738.hdf,65,0
MOD021KM.A2000260.0000.061.2017175004738.hdf,66,0
MOD021KM.A2000260.0000.061.2017175004738.hdf,67,0
MOD021KM.A2000260.0000.061.2017175004738.hdf,68,0
MOD021KM.A2000260.0000.061.2017175004738.hdf,69,0
MOD021KM.A2000260.0000.061.2017175004738.hdf,70,0
MOD021KM.A2000260.0000.061.2017175004738.hdf,71,0
MOD021KM.A2000260.0000.061.2017175004738.hdf,72,0
MOD021KM.A2000260.0000.061.2017175004738.hdf,73,0
MOD021KM.A2000260.0000.061.2017175004738.hdf,74,0
MOD021KM.A2000260.0000.061.2017175004738.hdf,75,0
MOD021KM.A2000260.0000.061.2017175004738.hdf,76,0
MOD021KM.A2000260.0000.061.2017175004738.hdf,77,0
MOD021KM.A2000260.0000.061.2017175004738.hdf,78,0
MOD021KM.A2000260.0000.061.2017175004738.hdf,79,4
MOD021KM.A2000260.0000.061.2017175004738.hdf,80,0
MOD021KM.A2000260.0000.061.2017175004738.hdf,81,0
MOD021KM.A2000260.0000.061.2017175004738.hdf,82,0
MOD021KM.A2000260.0000.061.2017175004738.hdf,83,0
MOD021KM.A2000260.0000.061.2017175004738.hdf,84,0
MOD021KM.A2000260.0000.061.2017175004738.hdf,85,0
MOD021KM.A2000260.0000.061.2017175004738.hdf,86,0
MOD021KM.A2000260.0000.061.2017175004738.hdf,87,0
MOD021KM.A2000260.0000.061.2017175004738.hdf,88,0
MOD021KM.A2000260.0000.061.2017175004738.hdf,89,0
MOD021KM.A2000260.0000.061.2017175004738.hdf,90,0
MOD021KM.A2000260.0000.061.2017175004738.hdf,91,0
MOD021KM.A2000260.0000.061.2017175004738.hdf,92,0
MOD021KM.A2000260.0000.061.2017175004738.hdf,93,0
MOD021KM.A2000260.0000.061.2017175004738.hdf,94,0
MOD021KM.A2000260.0000.061.2017175004738.hdf,95,0
MOD021KM.A2000260.0000.061.2017175004738.hdf,96,0
MOD021KM.A2000260.0000.061.2017175004738.hdf,97,0
MOD021KM.A2000260.0000.061.2017175004738.hdf,98,0
MOD021KM.A2000260.0000.061.2017175004738.hdf,99,0
MOD021KM.A2000260.0000.061.2017175004738.hdf,100,0
MOD021KM.A2000260.0000.061.2017175004738.hdf,101,0
MOD021KM.A2000260.0000.061.2017175004738.hdf,102,0
MOD021KM.A2000260.0000.061.2017175004738.hdf,103,0
MOD021KM.A2000260.0000.061.2017175004738.hdf,104,0
MOD021KM.A2000260.0000.061.2017175004738.hdf,105,0
MOD021KM.A2000260.0000.061.2017175004738.hdf,106,0
MOD021KM.A2000260.0000.061.2017175004738.hdf,107,0
MOD021KM.A2000260.0000.061.2017175004738.hdf,108,0
MOD021KM.A2000260.0000.061.2017175004738.hdf,109,0
MOD021KM.A2000260.0000.061.2017175004738.hdf,110,0
MOD021KM.A2000260.0000.061.2017175004738.hdf,111,0
MOD021KM.A2000260.0000.061.2017175004738.hdf,112,0
MOD021KM.A2000260.0000.061.2017175004738.hdf,113,0
MOD021KM.A2000260.0000.061.2017175004738.hdf,114,0
MOD021KM.A2000260.0000.061.2017175004738.hdf,115,0
MOD021KM.A2000260.0000.061.2017175004738.hdf,116,0
MOD021KM.A2000260.0000.061.2017175004738.hdf,117,0
MOD021KM.A2000260.0000.061.2017175004738.hdf,118,0
MOD021KM.A2000260.0000.061.2017175004738.hdf,119,0
MOD021KM.A2003231.0430.061.2017195085433.hdf,0,0
MOD021KM.A2003231.0430.061.2017195085433.hdf,1,0
MOD021KM.A2003231.0430.061.2017195085433.hdf,2,0
MOD021KM.A2003231.0430.061.2017195085433.hdf,3,0
MOD021KM.A2003231.0430.061.2017195085433.hdf,4,0
MOD021KM.A2003231.0430.061.2017195085433.hdf,5,0
MOD021KM.A2003231.0430.061.2017195085433.hdf,6,0
MOD021KM.A2003231.0430.061.2017195085433.hdf,7,0
MOD021KM.A2003231.0430.061.2017195085433.hdf,8,0
MOD021KM.A2003231.0430.061.2017195085433.hdf,9,0
MOD021KM.A2003231.0430.061.2017195085433.hdf,10,0
MOD021KM.A2003231.0430.061.2017195085433.hdf,11,0
MOD021KM.A2003231.0430.061.2017195085433.hdf,12,0
MOD021KM.A2003231.0430.061.2017195085433.hdf,13,0
MOD021KM.A2003231.0430.061.2017195085433.hdf,14,0
MOD021KM.A2003231.0430.061.2017195085433.hdf,15,0
MOD021KM.A2003231.0430.061.2017195085433.hdf,16,0
MOD021KM.A2003231.0430.061.2017195085433.hdf,17,0
MOD021KM.A2003231.0430.061.2017195085433.hdf,18,0
MOD021KM.A2003231.0430.061.2017195085433.hdf,19,0
MOD021KM.A2003231.0430.061.2017195085433.hdf,20,0
MOD021KM.A2003231.0430.061.2017195085433.hdf,21,1
MOD021KM.A2003231.0430.061.2017195085433.hdf,22,0
MOD021KM.A2003231.0430.061.2017195085433.hdf,23,0
MOD021KM.A2003231.0430.061.2017195085433.hdf,24,0
MOD021KM.A2003231.0430.061.2017195085433.hdf,25,0
MOD021KM.A2003231.0430.061.2017195085433.hdf,26,0
MOD021KM.A2003231.0430.061.2017195085433.hdf,27,0
MOD021KM.A2003231.0430.061.2017195085433.hdf,28,0
MOD021KM.A2003231.0430.061.2017195085433.hdf,29,0
MOD021KM.A2003231.0430.061.2017195085433.hdf,30,0
MOD021KM.A2003231.0430.061.2017195085433.hdf,31,0
MOD021KM.A2003231.0430.061.2017195085433.hdf,32,0
MOD021KM.A2003231.0430.061.2017195085433.hdf,33,0
MOD021KM.A2003231.0430.061.2017195085433.hdf,34,0
MOD021KM.A2003231.0430.061.2017195085433.hdf,35,0
MOD021KM.A2003231.0430.061.2017195085433.hdf,36,0
MOD021KM.A2003231.0430.061.2017195085433.hdf,37,0
MOD021KM.A2003231.0430.061.2017195085433.hdf,38,0
MOD021KM.A2003231.0430.061.2017195085433.hdf,39,0
MOD021KM.A2003231.0430.061.2017195085433.hdf,40,0
MOD021KM.A2003231.0430.061.2017195085433.hdf,41,0
MOD021KM.A2003231.0430.061.2017195085433.hdf,42,0
MOD021KM.A2003231.0430.061.2017195085433.hdf,43,0
MOD021KM.A2003231.0430.061.2017195085433.hdf,44,0
MOD021KM.A2003231.0430.061.2017195085433.hdf,45,0
MOD021KM.A2003231.0430.061.2017195085433.hdf,46,0
MOD021KM.A2003231.0430.061.2017195085433.hdf,47,0
MOD021KM.A2003231.0430.061.2017195085433.hdf,48,0
MOD021KM.A2003231.0430.061.2017195085433.hdf,49,0
MOD021KM.A2003231.0430.061.2017195085433.hdf,50,0
MOD021KM.A2003231.0430.061.2017195085433.hdf,51,0
MOD021KM.A2003231.0430.061.2017195085433.hdf,52,0
MOD021KM.A2003231.0430.061.2017195085433.hdf,53,0
MOD021KM.A2003231.0430.061.2017195085433.hdf,54,0
MOD021KM.A2003231.0430.061.2017195085433.hdf,55,0
MOD021KM.A2003231.0430.061.2017195085433.hdf,56,0
MOD021KM.A2003231.0430.061.2017195085433.hdf,57,0
MOD021KM.A2003231.0430.061.2017195085433.hdf,58,0
MOD021KM.A2003231.0430.061.2017195085433.hdf,59,0
MOD021KM.A2003231.0430.061.2017195085433.hdf,60,0
MOD021KM.A2003231.0430.061.2017195085433.hdf,61,0
MOD021KM.A2003231.0430.061.2017195085433.hdf,62,0
MOD021KM.A2003231.0430.061.2017195085433.hdf,63,0
MOD021KM.A2003231.0430.061.2017195085433.hdf,64,0
MOD021KM.A2003231.0430.061.2017195085433.hdf,65,0
MOD021KM.A2003231.0430.061.2017195085433.hdf,66,0
MOD021KM.A2003231.0430.061.2017195085433.hdf,67,0
MOD021KM.A2003231.0430.061.2017195085433.hdf,68,0
MOD021KM.A2003231.0430.061.2017195085433.hdf,69,0
MOD021KM.A2003231.0430.061.2017195085433.hdf,70,0
MOD021KM.A2003231.0430.061.2017195085433.hdf,71,0
MOD021KM.A2003231.0430.061.2017195085433.hdf,72,0
MOD021KM.A2003231.0430.061.2017195085433.hdf,73,0
MOD021KM.A2003231.0430.061.2017195085433.hdf,74,0
MOD021KM.A2003231.0430.061.2017195085433.hdf,75,0
MOD021KM.A2003231.0430.061.2017195085433.hdf,76,0
MOD021KM.A2003231.0430.061.2017195085433.hdf,77,0
MOD021KM.A2003231.0430.061.2017195085433.hdf,78,0
MOD021KM.A2003231.0430.061.2017195085433.hdf,79,0
MOD021KM.A2003231.0430.061.2017195085433.hdf,80,0
MOD021KM.A2003231.0430.061.2017195085433.hdf,81,0
MOD021KM.A2003231.0430.061.2017195085433.hdf,82,0
MOD021KM.A2003231.0430.061.2017195085433.hdf,83,0
MOD021KM.A2003231.0430.061.2017195085433.hdf,84,0
MOD021KM.A2003231.0430.061.2017195085433.hdf,85,0
MOD021KM.A2003231.0430.061.2017195085433.hdf,86,0
MOD021KM.A2003231.0430.061.2017195085433.hdf,87,0
MOD021KM.A2003231.0430.061.2017195085433.hdf,88,0
MOD021KM.A2003231.0430.061.2017195085433.hdf,89,0
MOD021KM.A2003231.0430.061.2017195085433.hdf,90,0
MOD021KM.A2003231.0430.061.2017195085433.hdf,91,0
MOD021KM.A2003231.0430.061.2017195085433.hdf,92,0
MOD021KM.A2003231.0430.061.2017195085433.hdf,93,0
MOD021KM.A2003231.0430.061.2017195085433.hdf,94,0
MOD021KM.A2003231.0430.061.2017195085433.hdf,95,0
MOD021KM.A2003231.0430.061.2017195085433.hdf,96,0
MOD021KM.A2003231.0430.061.2017195085433.hdf,97,0
MOD021KM.A2003231.0430.061.2017195085433.hdf,98,0
MOD021KM.A2003231.0430.061.2017195085433.hdf,99,0
MOD021KM.A2003231.0430.061.2017195085433.hdf,100,0
MOD021KM.A2003231.0430.061.2017195085433.hdf,101,0
MOD021KM.A2003231.0430.061.2017195085433.hdf,102,0
MOD021KM.A2003231.0430.061.2017195085433.hdf,103,0
MOD021KM.A2003231.0430.061.2017195085433.hdf,104,0
MOD021KM.A2003231.0430.061.2017195085433.hdf,105,0
MOD021KM.A2003231.0430.061.2017195085433.hdf,106,0
MOD021KM.A2003231.0430.061.2017195085433.hdf,107,0
MOD021KM.A2003231.0430.061.2017195085433.hdf,108,0
MOD021KM.A2003231.0430.061.2017195085433.hdf,109,0
MOD021KM.A2003231.0430.061.2017195085433.hdf,110,0
MOD021KM.A2003231.0430.061.2017195085433.hdf,111,0
MOD021KM.A2003231.0430.061.2017195085433.hdf,112,0
MOD021KM.A2003231.0430.061.2017195085433.hdf,113,0
MOD021KM.A2003231.0430.061.2017195085433.hdf,114,0
MOD021KM.A2003231.0430.061.2017195085433.hdf,115,0
MOD021KM.A2003231.0430.061.2017195085433.hdf,116,0
MOD021KM.A2003231.0430.061.2017195085433.hdf,117,0
MOD021KM.A2003231.0430.061.2017195085433.hdf,118,0
MOD021KM.A2003231.0430.061.2017195085433.hdf,119,0
MOD021KM.A2003231.0430.061.2017195085433.hdf,120,0
MOD021KM.A2003231.0430.061.2017195085433.hdf,121,0
MOD021KM.A2003231.0430.061.2017195085433.hdf,122,0
MOD021KM.A2003231.0430.061.2017195085433.hdf,123,0
MOD021KM.A2003231.0430.061.2017195085433.hdf,124,0
MOD021KM.A2003231.0430.061.2017195085433.hdf,125,0
MOD021KM.A2003231.0430.061.2017195085433.hdf,126,0
MOD021KM.A2003231.0430.061.2017195085433.hdf,127,0
MOD021KM.A2004209.0750.061.2017201233520.hdf,0,0
MOD021KM.A2004209.0750.061.2017201233520.hdf,1,0
MOD021KM.A2004209.0750.061.2017201233520.hdf,2,0
MOD021KM.A2004209.0750.061.2017201233520.hdf,3,4
MOD021KM.A2004209.0750.061.2017201233520.hdf,4,0
MOD021KM.A2004209.0750.061.2017201233520.hdf,5,0
MOD021KM.A2004209.0750.061.2017201233520.hdf,6,0
MOD021KM.A2004209.0750.061.2017201233520.hdf,7,0
MOD021KM.A2004209.0750.061.2017201233520.hdf,8,0
MOD021KM.A2004209.0750.061.2017201233520.hdf,9,0
MOD021KM.A2004209.0750.061.2017201233520.hdf,10,0
MOD021KM.A2004209.0750.061.2017201233520.hdf,11,0
MOD021KM.A2004209.0750.061.2017201233520.hdf,12,0
MOD021KM.A2004209.0750.061.2017201233520.hdf,13,0
MOD021KM.A2004209.0750.061.2017201233520.hdf,14,0
MOD021KM.A2004209.0750.061.2017201233520.hdf,15,0
MOD021KM.A2004209.0750.061.2017201233520.hdf,16,1
MOD021KM.A2004209.0750.061.2017201233520.hdf,17,4
MOD021KM.A2004209.0750.061.2017201233520.hdf,18,176
MOD021KM.A2004209.0750.061.2017201233520.hdf,19,80
MOD021KM.A2004209.0750.061.2017201233520.hdf,20,140
MOD021KM.A2004209.0750.061.2017201233520.hdf,21,60
MOD021KM.A2004209.0750.061.2017201233520.hdf,22,220
MOD021KM.A2004209.0750.061.2017201233520.hdf,23,68
MOD021KM.A2004209.0750.061.2017201233520.hdf,24,100
MOD021KM.A2004209.0750.061.2017201233520.hdf,25,40
MOD021KM.A2004209.0750.061.2017201233520.hdf,26,40
MOD021KM.A2004209.0750.061.2017201233520.hdf,27,72
MOD021KM.A2004209.0750.061.2017201233520.hdf,28,80
MOD021KM.A2005305.0610.061.2017191005059.hdf,0,0
MOD021KM.A2005305.0610.061.2017191005059.hdf,1,0
MOD021KM.A2005305.0610.061.2017191005059.hdf,2,0
MOD021KM.A2005305.0610.061.2017191005059.hdf,3,0
MOD021KM.A2005305.0610.061.2017191005059.hdf,4,0
MOD021KM.A2005305.0610.061.2017191005059.hdf,5,0
MOD021KM.A2000260.0005.061.2017175004931.hdf,0,0
MOD021KM.A2000260.0005.061.2017175004931.hdf,1,0
MOD021KM.A2000260.0005.061.2017175004931.hdf,2,0
MOD021KM.A2000260.0005.061.2017175004931.hdf,3,0
MOD021KM.A2000260.0005.061.2017175004931.hdf,4,0
MOD021KM.A2000260.0005.061.2017175004931.hdf,5,0
MOD021KM.A2000260.0005.061.2017175004931.hdf,6,0
MOD021KM.A2000260.0005.061.2017175004931.hdf,7,0
MOD021KM.A2000260.0005.061.2017175004931.hdf,8,0
MOD021KM.A2000260.0005.061.2017175004931.hdf,9,0
MOD021KM.A2000260.0005.061.2017175004931.hdf,10,0
MOD021KM.A2000260.0005.061.2017175004931.hdf,11,0
MOD021KM.A2000260.0005.061.2017175004931.hdf,12,0
MOD021KM.A2000260.0005.061.2017175004931.hdf,13,0
MOD021KM.A2000260.0005.061.2017175004931.hdf,14,0
MOD021KM.A2000260.0005.061.2017175004931.hdf,15,0
MOD021KM.A2000260.0005.061.2017175004931.hdf,16,0
MOD021KM.A2000260.0005.061.2017175004931.hdf,17,0
MOD021KM.A2000260.0005.061.2017175004931.hdf,18,0
MOD021KM.A2000260.0005.061.2017175004931.hdf,19,0
MOD021KM.A2000260.0005.061.2017175004931.hdf,20,0
MOD021KM.A2000260.0005.061.2017175004931.hdf,21,0
MOD021KM.A2000260.0005.061.2017175004931.hdf,22,0
MOD021KM.A2000260.0005.061.2017175004931.hdf,23,3
MOD021KM.A2000260.0005.061.2017175004931.hdf,24,0
MOD021KM.A2000260.0005.061.2017175004931.hdf,25,0
MOD021KM.A2000260.0005.061.2017175004931.hdf,26,0
MOD021KM.A2000260.0005.061.2017175004931.hdf,27,0
MOD021KM.A2000260.0005.061.2017175004931.hdf,28,2
MOD021KM.A2000260.0005.061.2017175004931.hdf,29,0
MOD021KM.A2000260.0005.061.2017175004931.hdf,30,0
MOD021KM.A2000260.0005.061.2017175004931.hdf,31,0
MOD021KM.A2000260.0005.061.2017175004931.hdf,32,0
MOD021KM.A2000260.0005.061.2017175004931.hdf,33,0
MOD021KM.A2000260.0005.061.2017175004931.hdf,34,0
MOD021KM.A2000260.0005.061.2017175004931.hdf,35,0
MOD021KM.A2000260.0005.061.2017175004931.hdf,36,0
MOD021KM.A2000260.0005.061.2017175004931.hdf,37,0
MOD021KM.A2000260.0005.061.2017175004931.hdf,38,0
MOD021KM.A2000260.0005.061.2017175004931.hdf,39,0
MOD021KM.A2000260.0005.061.2017175004931.hdf,40,0
MOD021KM.A2000260.0005.061.2017175004931.hdf,41,0
MOD021KM.A2000260.0005.061.2017175004931.hdf,42,0
MOD021KM.A2000260.0005.061.2017175004931.hdf,43,0
MOD021KM.A2000260.0005.061.2017175004931.hdf,44,1
MOD021KM.A2000260.0005.061.2017175004931.hdf,45,0
MOD021KM.A2000260.0005.061.2017175004931.hdf,46,0
MOD021KM.A2000260.0005.061.2017175004931.hdf,47,0
MOD021KM.A2000260.0005.061.2017175004931.hdf,48,4
MOD021KM.A2000260.0005.061.2017175004931.hdf,49,4
MOD021KM.A2000260.0005.061.2017175004931.hdf,50,0
MOD021KM.A2000260.0005.061.2017175004931.hdf,51,0
MOD021KM.A2000260.0005.061.2017175004931.hdf,52,0
MOD021KM.A2000260.0005.061.2017175004931.hdf,53,0
MOD021KM.A2000260.0005.061.2017175004931.hdf,54,0
MOD021KM.A2000260.0005.061.2017175004931.hdf,55,0
MOD021KM.A2000260.0005.061.2017175004931.hdf,56,0
MOD021KM.A2000260.0005.061.2017175004931.hdf,57,0
MOD021KM.A2000260.0005.061.2017175004931.hdf,58,0
MOD021KM.A2000260.0005.061.2017175004931.hdf,59,0
MOD021KM.A2000260.0005.061.2017175004931.hdf,60,0
MOD021KM.A2000260.0005.061.2017175004931.hdf,61,0
MOD021KM.A2000260.0005.061.2017175004931.hdf,62,0
MOD021KM.A2000260.0005.061.2017175004931.hdf,63,0
MOD021KM.A2000260.0005.061.2017175004931.hdf,64,0
MOD021KM.A2000260.0005.061.2017175004931.hdf,65,0
MOD021KM.A2000260.0005.061.2017175004931.hdf,66,0
MOD021KM.A2000260.0005.061.2017175004931.hdf,67,0
MOD021KM.A2000260.0005.061.2017175004931.hdf,68,0
MOD021KM.A2000260.0005.061.2017175004931.hdf,69,0
MOD021KM.A2000260.0005.061.2017175004931.hdf,70,0
MOD021KM.A2000260.0005.061.2017175004931.hdf,71,1
MOD021KM.A2000260.0005.061.2017175004931.hdf,72,0
MOD021KM.A2000260.0005.061.2017175004931.hdf,73,0
MOD021KM.A2000260.0005.061.2017175004931.hdf,74,0
MOD021KM.A2000260.0005.061.2017175004931.hdf,75,0
MOD021KM.A2003176.1855.061.2017194143833.hdf,0,0
MOD021KM.A2003176.1855.061.2017194143833.hdf,1,0
MOD021KM.A2003176.1855.061.2017194143833.hdf,2,0
MOD021KM.A2003176.1855.061.2017194143833.hdf,3,0
MOD021KM.A2003176.1855.061.2017194143833.hdf,4,0
MOD021KM.A2003176.1855.061.2017194143833.hdf,5,0
MOD021KM.A2003176.1855.061.2017194143833.hdf,6,0
MOD021KM.A2003176.1855.061.2017194143833.hdf,7,0
MOD021KM.A2003176.1855.061.2017194143833.hdf,8,0
MOD021KM.A2003176.1855.061.2017194143833.hdf,9,0
MOD021KM.A2003176.1855.061.2017194143833.hdf,10,0
MOD021KM.A2003176.1855.061.2017194143833.hdf,11,0
MOD021KM.A2003176.1855.061.2017194143833.hdf,12,0
MOD021KM.A2003176.1855.061.2017194143833.hdf,13,0
MOD021KM.A2003176.1855.061.2017194143833.hdf,14,0
MOD021KM.A2003176.1855.061.2017194143833.hdf,15,0
MOD021KM.A2003176.1855.061.2017194143833.hdf,16,0
MOD021KM.A2003176.1855.061.2017194143833.hdf,17,0
MOD021KM.A2003176.1855.061.2017194143833.hdf,18,0
MOD021KM.A2003176.1855.061.2017194143833.hdf,19,0
MOD021KM.A2003176.1855.061.2017194143833.hdf,20,0
MOD021KM.A2003176.1855.061.2017194143833.hdf,21,0
MOD021KM.A2003176.1855.061.2017194143833.hdf,22,0
MOD021KM.A2003176.1855.061.2017194143833.hdf,23,0
MOD021KM.A2003176.1855.061.2017194143833.hdf,24,0
MOD021KM.A2003176.1855.061.2017194143833.hdf,25,0
MOD021KM.A2003176.1855.061.2017194143833.hdf,26,0
MOD021KM.A2003176.1855.061.2017194143833.hdf,27,0
MOD021KM.A2003176.1855.061.2017194143833.hdf,28,0
MOD021KM.A2003176.1855.061.2017194143833.hdf,29,0
MOD021KM.A2003176.1855.061.2017194143833.hdf,30,0
MOD021KM.A2003176.1855.061.2017194143833.hdf,31,0
MOD021KM.A2003176.1855.061.2017194143833.hdf,32,3
MOD021KM.A2003176.1855.061.2017194143833.hdf,33,0
MOD021KM.A2003176.1855.061.2017194143833.hdf,34,0
MOD021KM.A2003176.1855.061.2017194143833.hdf,35,0
MOD021KM.A2003176.1855.061.2017194143833.hdf,36,0
MOD021KM.A2003176.1855.061.2017194143833.hdf,37,0
MOD021KM.A2003176.1855.061.2017194143833.hdf,38,0
MOD021KM.A2003176.1855.061.2017194143833.hdf,39,0
MOD021KM.A2003176.1855.061.2017194143833.hdf,40,0
MOD021KM.A2003176.1855.061.2017194143833.hdf,41,0
MOD021KM.A2003176.1855.061.2017194143833.hdf,42,0
MOD021KM.A2003176.1855.061.2017194143833.hdf,43,0
MOD021KM.A2003176.1855.061.2017194143833.hdf,44,0
MOD021KM.A2003176.1855.061.2017194143833.hdf,45,0
MOD021KM.A2003176.1855.061.2017194143833.hdf,46,0
MOD021KM.A2003176.1855.061.2017194143833.hdf,47,0
MOD021KM.A2003176.1855.061.2017194143833.hdf,48,0
MOD021KM.A2003176.1855.061.2017194143833.hdf,49,0
MOD021KM.A2003176.1855.061.2017194143833.hdf,50,0
MOD021KM.A2003176.1855.061.2017194143833.hdf,51,0
MOD021KM.A2003176.1855.061.2017194143833.hdf,52,0
MOD021KM.A2003176.1855.061.2017194143833.hdf,53,0
MOD021KM.A2003176.1855.061.2017194143833.hdf,54,0
MOD021KM.A2003176.1855.061.2017194143833.hdf,55,0
MOD021KM.A2003176.1855.061.2017194143833.hdf,56,0
MOD021KM.A2003176.1855.061.2017194143833.hdf,57,0
MOD021KM.A2003176.1855.061.2017194143833.hdf,58,0
MOD021KM.A2003176.1855.061.2017194143833.hdf,59,0
MOD021KM.A2003176.1855.061.2017194143833.hdf,60,0
MOD021KM.A2003176.1855.061.2017194143833.hdf,61,0
MOD021KM.A2003176.1855.061.2017194143833.hdf,62,0
MOD021KM.A2003176.1855.061.2017194143833.hdf,63,0
MOD021KM.A2003176.1855.061.2017194143833.hdf,64,0
MOD021KM.A2003176.1855.061.2017194143833.hdf,65,0
MOD021KM.A2003176.1855.061.2017194143833.hdf,66,0
MOD021KM.A2003176.1855.061.2017194143833.hdf,67,0
MOD021KM.A2003176.1855.061.2017194143833.hdf,68,0
MOD021KM.A2003176.1855.061.2017194143833.hdf,69,0
MOD021KM.A2002149.0450.061.2017181155305.hdf,0,0
MOD021KM.A2002149.0450.061.2017181155305.hdf,1,0
MOD021KM.A2002149.0450.061.2017181155305.hdf,2,0
MOD021KM.A2002149.0450.061.2017181155305.hdf,3,0
MOD021KM.A2002149.0450.061.2017181155305.hdf,4,0
MOD021KM.A2002149.0450.061.2017181155305.hdf,5,0
MOD021KM.A2002149.0450.061.2017181155305.hdf,6,0
MOD021KM.A2002149.0450.061.2017181155305.hdf,7,0
MOD021KM.A2002149.0450.061.2017181155305.hdf,8,0
MOD021KM.A2002149.0450.061.2017181155305.hdf,9,0
MOD021KM.A2002149.0450.061.2017181155305.hdf,10,0
MOD021KM.A2002149.0450.061.2017181155305.hdf,11,0
MOD021KM.A2002149.0450.061.2017181155305.hdf,12,0
MOD021KM.A2002149.0450.061.2017181155305.hdf,13,0
MOD021KM.A2002149.0450.061.2017181155305.hdf,14,0
MOD021KM.A2002149.0450.061.2017181155305.hdf,15,0
MOD021KM.A2002149.0450.061.2017181155305.hdf,16,0
MOD021KM.A2002149.0450.061.2017181155305.hdf,17,0
MOD021KM.A2002149.0450.061.2017181155305.hdf,18,0
MOD021KM.A2002149.0450.061.2017181155305.hdf,19,0
MOD021KM.A2002149.0450.061.2017181155305.hdf,20,0
MOD021KM.A2002149.0450.061.2017181155305.hdf,21,0
MOD021KM.A2002149.0450.061.2017181155305.hdf,22,0
MOD021KM.A2002149.0450.061.2017181155305.hdf,23,0
MOD021KM.A2002149.0450.061.2017181155305.hdf,24,0
MOD021KM.A2002149.0450.061.2017181155305.hdf,25,0
MOD021KM.A2002149.0450.061.2017181155305.hdf,26,0
MOD021KM.A2002149.0450.061.2017181155305.hdf,27,0
MOD021KM.A2002149.0450.061.2017181155305.hdf,28,0
MOD021KM.A2002149.0450.061.2017181155305.hdf,29,0
MOD021KM.A2002149.0450.061.2017181155305.hdf,30,0
MOD021KM.A2002149.0450.061.2017181155305.hdf,31,0
MOD021KM.A2002149.0450.061.2017181155305.hdf,32,0
MOD021KM.A2002149.0450.061.2017181155305.hdf,33,0
MOD021KM.A2002149.0450.061.2017181155305.hdf,34,0
MOD021KM.A2002149.0450.061.2017181155305.hdf,35,0
MOD021KM.A2002149.0450.061.2017181155305.hdf,36,0
MOD021KM.A2002149.0450.061.2017181155305.hdf,37,0
MOD021KM.A2002149.0450.061.2017181155305.hdf,38,0
MOD021KM.A2002149.0450.061.2017181155305.hdf,39,0
MOD021KM.A2002149.0450.061.2017181155305.hdf,40,0
MOD021KM.A2002149.0450.061.2017181155305.hdf,41,0
MOD021KM.A2002149.0450.061.2017181155305.hdf,42,0
MOD021KM.A2002149.0450.061.2017181155305.hdf,43,0
MOD021KM.A2002149.0450.061.2017181155305.hdf,44,0
MOD021KM.A2002149.0450.061.2017181155305.hdf,45,0
MOD021KM.A2002149.0450.061.2017181155305.hdf,46,0
MOD021KM.A2002149.0450.061.2017181155305.hdf,47,0
MOD021KM.A2002149.0450.061.2017181155305.hdf,48,0
MOD021KM.A2002149.0450.061.2017181155305.hdf,49,0
MOD021KM.A2002149.0450.061.2017181155305.hdf,50,0
MOD021KM.A2002149.0450.061.2017181155305.hdf,51,0
MOD021KM.A2002149.0450.061.2017181155305.hdf,52,0
MOD021KM.A2002149.0450.061.2017181155305.hdf,53,0
MOD021KM.A2002149.0450.061.2017181155305.hdf,54,0
MOD021KM.A2002149.0450.061.2017181155305.hdf,55,0
MOD021KM.A2002149.0450.061.2017181155305.hdf,56,0
MOD021KM.A2002149.0450.061.2017181155305.hdf,57,0
MOD021KM.A2002149.0450.061.2017181155305.hdf,58,0
MOD021KM.A2002149.0450.061.2017181155305.hdf,59,0
MOD021KM.A2002149.0450.061.2017181155305.hdf,60,0
MOD021KM.A2002149.0450.061.2017181155305.hdf,61,0
MOD021KM.A2002149.0450.061.2017181155305.hdf,62,0
MOD021KM.A2002149.0450.061.2017181155305.hdf,63,0
MOD021KM.A2002149.0450.061.2017181155305.hdf,64,0
MOD021KM.A2002149.0450.061.2017181155305.hdf,65,0
MOD021KM.A2002149.0450.061.2017181155305.hdf,66,0
MOD021KM.A2002149.0450.061.2017181155305.hdf,67,0
MOD021KM.A2002149.0450.061.2017181155305.hdf,68,0
MOD021KM.A2002149.0450.061.2017181155305.hdf,69,0
MOD021KM.A2002149.0450.061.2017181155305.hdf,70,0
MOD021KM.A2002149.0450.061.2017181155305.hdf,71,0
MOD021KM.A2002149.0450.061.2017181155305.hdf,72,0
MOD021KM.A2002149.0450.061.2017181155305.hdf,73,0
MOD021KM.A2002149.0450.061.2017181155305.hdf,74,0
MOD021KM.A2002149.0450.061.2017181155305.hdf,75,0
MOD021KM.A2002149.0450.061.2017181155305.hdf,76,0
MOD021KM.A2002149.0450.061.2017181155305.hdf,77,0
MOD021KM.A2002149.0450.061.2017181155305.hdf,78,1
MOD021KM.A2002149.0450.061.2017181155305.hdf,79,0
MOD021KM.A2002149.0450.061.2017181155305.hdf,80,0
MOD021KM.A2002149.0450.061.2017181155305.hdf,81,0
MOD021KM.A2002149.0450.061.2017181155305.hdf,82,0
MOD021KM.A2002149.0450.061.2017181155305.hdf,83,0
MOD021KM.A2002149.0450.061.2017181155305.hdf,84,0
MOD021KM.A2002149.0450.061.2017181155305.hdf,85,0
MOD021KM.A2002149.0450.061.2017181155305.hdf,86,0
MOD021KM.A2002149.0450.061.2017181155305.hdf,87,0
MOD021KM.A2002149.0450.061.2017181155305.hdf,88,0
MOD021KM.A2002149.0450.061.2017181155305.hdf,89,0
MOD021KM.A2002149.0450.061.2017181155305.hdf,90,0
MOD021KM.A2002149.0450.061.2017181155305.hdf,91,0
MOD021KM.A2002149.0450.061.2017181155305.hdf,92,0
MOD021KM.A2002149.0450.061.2017181155305.hdf,93,0
MOD021KM.A2002149.0450.061.2017181155305.hdf,94,0
MOD021KM.A2002149.0450.061.2017181155305.hdf,95,0
MOD021KM.A2002149.0450.061.2017181155305.hdf,96,0
MOD021KM.A2002149.0450.061.2017181155305.hdf,97,0
MOD021KM.A2002149.0450.061.2017181155305.hdf,98,0
MOD021KM.A2002149.0450.061.2017181155305.hdf,99,0
MOD021KM.A2002149.0450.061.2017181155305.hdf,100,0
MOD021KM.A2002149.0450.061.2017181155305.hdf,101,0
MOD021KM.A2002149.0450.061.2017181155305.hdf,102,0
MOD021KM.A2002149.0450.061.2017181155305.hdf,103,0
MOD021KM.A2002149.0450.061.2017181155305.hdf,104,0
MOD021KM.A2002149.0450.061.2017181155305.hdf,105,0
MOD021KM.A2002149.0450.061.2017181155305.hdf,106,0
MOD021KM.A2002149.0450.061.2017181155305.hdf,107,0
MOD021KM.A2002149.0450.061.2017181155305.hdf,108,0
MOD021KM.A2002149.0450.061.2017181155305.hdf,109,0
MOD021KM.A2002149.0450.061.2017181155305.hdf,110,0
MOD021KM.A2002149.0450.061.2017181155305.hdf,111,0
MOD021KM.A2002149.0450.061.2017181155305.hdf,112,0
MOD021KM.A2002149.0450.061.2017181155305.hdf,113,0
MOD021KM.A2002149.0450.061.2017181155305.hdf,114,0
MOD021KM.A2002149.0450.061.2017181155305.hdf,115,0
MOD021KM.A2004208.1355.061.2017202004940.hdf,0,0
MOD021KM.A2004208.1355.061.2017202004940.hdf,1,0
MOD021KM.A2004208.1355.061.2017202004940.hdf,2,0
MOD021KM.A2004208.1355.061.2017202004940.hdf,3,0
MOD021KM.A2004208.1355.061.2017202004940.hdf,4,0
MOD021KM.A2004208.1355.061.2017202004940.hdf,5,0
MOD021KM.A2004208.1355.061.2017202004940.hdf,6,0
MOD021KM.A2004208.1355.061.2017202004940.hdf,7,0
MOD021KM.A2004208.1355.061.2017202004940.hdf,8,0
MOD021KM.A2004208.1355.061.2017202004940.hdf,9,0
MOD021KM.A2004208.1355.061.2017202004940.hdf,10,0
MOD021KM.A2004208.1355.061.2017202004940.hdf,11,0
MOD021KM.A2004208.1355.061.2017202004940.hdf,12,0
MOD021KM.A2004208.1355.061.2017202004940.hdf,13,0
MOD021KM.A2004208.1355.061.2017202004940.hdf,14,0
MOD021KM.A2004208.1355.061.2017202004940.hdf,15,0
MOD021KM.A2004208.1355.061.2017202004940.hdf,16,0
MOD021KM.A2004208.1355.061.2017202004940.hdf,17,0
MOD021KM.A2004208.1355.061.2017202004940.hdf,18,0
MOD021KM.A2004208.1355.061.2017202004940.hdf,19,0
MOD021KM.A2004208.1355.061.2017202004940.hdf,20,0
MOD021KM.A2004208.1355.061.2017202004940.hdf,21,0
MOD021KM.A2004208.1355.061.2017202004940.hdf,22,0
MOD021KM.A2004208.1355.061.2017202004940.hdf,23,0
MOD021KM.A2004208.1355.061.2017202004940.hdf,24,0
MOD021KM.A2004208.1355.061.2017202004940.hdf,25,0
MOD021KM.A2004208.1355.061.2017202004940.hdf,26,0
MOD021KM.A2004208.1355.061.2017202004940.hdf,27,0
MOD021KM.A2004208.1355.061.2017202004940.hdf,28,0
MOD021KM.A2004208.1355.061.2017202004940.hdf,29,0
MOD021KM.A2004208.1355.061.2017202004940.hdf,30,0
MOD021KM.A2004208.1355.061.2017202004940.hdf,31,0
MOD021KM.A2004208.1355.061.2017202004940.hdf,32,0
MOD021KM.A2004208.1355.061.2017202004940.hdf,33,0
MOD021KM.A2004208.1355.061.2017202004940.hdf,34,0
MOD021KM.A2004208.1355.061.2017202004940.hdf,35,0
MOD021KM.A2004208.1355.061.2017202004940.hdf,36,0
MOD021KM.A2004208.1355.061.2017202004940.hdf,37,0
MOD021KM.A2004208.1355.061.2017202004940.hdf,38,0
MOD021KM.A2004208.1355.061.2017202004940.hdf,39,0
MOD021KM.A2004208.1355.061.2017202004940.hdf,40,0
MOD021KM.A2004208.1355.061.2017202004940.hdf,41,0
MOD021KM.A2004208.1355.061.2017202004940.hdf,42,0
MOD021KM.A2004208.1355.061.2017202004940.hdf,43,0
MOD021KM.A2004208.1355.061.2017202004940.hdf,44,0
MOD021KM.A2004208.1355.061.2017202004940.hdf,45,0
MOD021KM.A2004208.1355.061.2017202004940.hdf,46,0
MOD021KM.A2004208.1355.061.2017202004940.hdf,47,0
MOD021KM.A2004208.1355.061.2017202004940.hdf,48,0
MOD021KM.A2004208.1355.061.2017202004940.hdf,49,0
MOD021KM.A2004208.1355.061.2017202004940.hdf,50,0
MOD021KM.A2004208.1355.061.2017202004940.hdf,51,0
MOD021KM.A2004208.1355.061.2017202004940.hdf,52,0
MOD021KM.A2004208.1355.061.2017202004940.hdf,53,0
MOD021KM.A2004208.1355.061.2017202004940.hdf,54,0
MOD021KM.A2004208.1355.061.2017202004940.hdf,55,0
MOD021KM.A2004208.1355.061.2017202004940.hdf,56,0
MOD021KM.A2004208.1355.061.2017202004940.hdf,57,0
MOD021KM.A2004208.1355.061.2017202004940.hdf,58,0
MOD021KM.A2004208.1355.061.2017202004940.hdf,59,0
MOD021KM.A2004208.1355.061.2017202004940.hdf,60,2
MOD021KM.A2004208.1355.061.2017202004940.hdf,61,0
MOD021KM.A2004208.1355.061.2017202004940.hdf,62,0
MOD021KM.A2004208.1355.061.2017202004940.hdf,63,0
MOD021KM.A2004208.1355.061.2017202004940.hdf,64,0
MOD021KM.A2004208.1355.061.2017202004940.hdf,65,0
MOD021KM.A2004208.1355.061.2017202004940.hdf,66,0
MOD021KM.A2004208.1355.061.2017202004940.hdf,67,0
MOD021KM.A2004208.1355.061.2017202004940.hdf,68,0
MOD021KM.A2004208.1355.061.2017202004940.hdf,69,0
MOD021KM.A2004208.1355.061.2017202004940.hdf,70,0
MOD021KM.A2004208.1355.061.2017202004940.hdf,71,0
MOD021KM.A2004208.1355.061.2017202004940.hdf,72,0
MOD021KM.A2004208.1355.061.2017202004940.hdf,73,0
MOD021KM.A2004208.1355.061.2017202004940.hdf,74,0
MOD021KM.A2004208.1355.061.2017202004940.hdf,75,0
MOD021KM.A2004208.1355.061.2017202004940.hdf,76,0
MOD021KM.A2004208.1355.061.2017202004940.hdf,77,0
MOD021KM.A2004208.1355.061.2017202004940.hdf,78,0
MOD021KM.A2004208.1355.061.2017202004940.hdf,79,2
MOD021KM.A2004208.1355.061.2017202004940.hdf,80,0
MOD021KM.A2004208.1355.061.2017202004940.hdf,81,0
MOD021KM.A2004208.1355.061.2017202004940.hdf,82,0
MOD021KM.A2004208.1355.061.2017202004940.hdf,83,0
MOD021KM.A2004208.1355.061.2017202004940.hdf,84,0
MOD021KM.A2004208.1355.061.2017202004940.hdf,85,0
MOD021KM.A2005099.1600.061.2017181160513.hdf,0,0
MOD021KM.A2005099.1600.061.2017181160513.hdf,1,0
MOD021KM.A2005099.1600.061.2017181160513.hdf,2,0
MOD021KM.A2005099.1600.061.2017181160513.hdf,3,0
MOD021KM.A2005099.1600.061.2017181160513.hdf,4,0
MOD021KM.A2005099.1600.061.2017181160513.hdf,5,0
MOD021KM.A2005099.1600.061.2017181160513.hdf,6,0
MOD021KM.A2005099.1600.061.2017181160513.hdf,7,863
MOD021KM.A2005099.1600.061.2017181160513.hdf,8,0
MOD021KM.A2005099.1600.061.2017181160513.hdf,9,0
MOD021KM.A2005099.1600.061.2017181160513.hdf,10,0
MOD021KM.A2005099.1600.061.2017181160513.hdf,11,0
MOD021KM.A2005099.1600.061.2017181160513.hdf,12,0
MOD021KM.A2005099.1600.061.2017181160513.hdf,13,0
MOD021KM.A2005099.1600.061.2017181160513.hdf,14,0
MOD021KM.A2005099.1600.061.2017181160513.hdf,15,0
MOD021KM.A2005099.1600.061.2017181160513.hdf,16,0
MOD021KM.A2005099.1600.061.2017181160513.hdf,17,0
MOD021KM.A2005099.1600.061.2017181160513.hdf,18,0
MOD021KM.A2005099.1600.061.2017181160513.hdf,19,0
MOD021KM.A2005099.1600.061.2017181160513.hdf,20,0
MOD021KM.A2005099.1600.061.2017181160513.hdf,21,0
MOD021KM.A2005099.1600.061.2017181160513.hdf,22,0
MOD021KM.A2005099.1600.061.2017181160513.hdf,23,0
MOD021KM.A2005099.1600.061.2017181160513.hdf,24,0
MOD021KM.A2005099.1600.061.2017181160513.hdf,25,0
MOD021KM.A2005099.1600.061.2017181160513.hdf,26,0
MOD021KM.A2005099.1600.061.2017181160513.hdf,27,0
MOD021KM.A2005099.1600.061.2017181160513.hdf,28,0
MOD021KM.A2005099.1600.061.2017181160513.hdf,29,0
MOD021KM.A2005099.1600.061.2017181160513.hdf,30,0
MOD021KM.A2005099.1600.061.2017181160513.hdf,31,0
MOD021KM.A2005099.1600.061.2017181160513.hdf,32,0
MOD021KM.A2005099.1600.061.2017181160513.hdf,33,0
MOD021KM.A2005099.1600.061.2017181160513.hdf,34,0
MOD021KM.A2005099.1600.061.2017181160513.hdf,35,0
MOD021KM.A2005099.1600.061.2017181160513.hdf,36,0
MOD021KM.A2005099.1600.061.2017181160513.hdf,37,0
MOD021KM.A2005099.1600.061.2017181160513.hdf,38,0
MOD021KM.A2005099.1600.061.2017181160513.hdf,39,0
MOD021KM.A2005099.1600.061.2017181160513.hdf,40,0
MOD021KM.A2005099.1600.061.2017181160513.hdf,41,0
MOD021KM.A2005099.1600.061.2017181160513.hdf,42,0
MOD021KM.A2005099.1600.061.2017181160513.hdf,43,0
MOD021KM.A2005099.1600.061.2017181160513.hdf,44,0
MOD021KM.A2005099.1600.061.2017181160513.hdf,45,0
MOD021KM.A2005099.1600.061.2017181160513.hdf,46,0
MOD021KM.A2005099.1600.061.2017181160513.hdf,47,0
MOD021KM.A2005099.1600.061.2017181160513.hdf,48,0
MOD021KM.A2005099.1600.061.2017181160513.hdf,49,0
MOD021KM.A2005099.1600.061.2017181160513.hdf,50,0
MOD021KM.A2005099.1600.061.2017181160513.hdf,51,0
MOD021KM.A2005099.1600.061.2017181160513.hdf,52,0
MOD021KM.A2005099.1600.061.2017181160513.hdf,53,0
MOD021KM.A2005099.1600.061.2017181160513.hdf,54,0
MOD021KM.A2005099.1600.061.2017181160513.hdf,55,0
MOD021KM.A2005099.1600.061.2017181160513.hdf,56,0
MOD021KM.A2005099.1600.061.2017181160513.hdf,57,0
MOD021KM.A2005099.1600.061.2017181160513.hdf,58,0
MOD021KM.A2005099.1600.061.2017181160513.hdf,59,0
MOD021KM.A2005099.1600.061.2017181160513.hdf,60,0
MOD021KM.A2005099.1600.061.2017181160513.hdf,61,0
MOD021KM.A2005099.1600.061.2017181160513.hdf,62,0
MOD021KM.A2005099.1600.061.2017181160513.hdf,63,0
MOD021KM.A2005099.1600.061.2017181160513.hdf,64,0
MOD021KM.A2005099.1600.061.2017181160513.hdf,65,0
MOD021KM.A2005099.1600.061.2017181160513.hdf,66,0
MOD021KM.A2005099.1600.061.2017181160513.hdf,67,0
MOD021KM.A2005099.1600.061.2017181160513.hdf,68,0
MOD021KM.A2005099.1600.061.2017181160513.hdf,69,0
MOD021KM.A2005099.1600.061.2017181160513.hdf,70,0
MOD021KM.A2005099.1600.061.2017181160513.hdf,71,0
MOD021KM.A2005099.1600.061.2017181160513.hdf,72,0
MOD021KM.A2005099.1600.061.2017181160513.hdf,73,0
MOD021KM.A2005099.1600.061.2017181160513.hdf,74,0
MOD021KM.A2005099.1600.061.2017181160513.hdf,75,0
MOD021KM.A2005099.1600.061.2017181160513.hdf,76,0
MOD021KM.A2005099.1600.061.2017181160513.hdf,77,0
MOD021KM.A2005099.1600.061.2017181160513.hdf,78,0
MOD021KM.A2005099.1600.061.2017181160513.hdf,79,0
MOD021KM.A2005099.1600.061.2017181160513.hdf,80,0
MOD021KM.A2005099.1600.061.2017181160513.hdf,81,0
MOD021KM.A2005099.1600.061.2017181160513.hdf,82,0
MOD021KM.A2005099.1600.061.2017181160513.hdf,83,0
MOD021KM.A2005099.1600.061.2017181160513.hdf,84,0
MOD021KM.A2005099.1600.061.2017181160513.hdf,85,0
MOD021KM.A2005099.1600.061.2017181160513.hdf,86,0
MOD021KM.A2005099.1600.061.2017181160513.hdf,87,0
MOD021KM.A2005099.1600.061.2017181160513.hdf,88,0
MOD021KM.A2005099.1600.061.2017181160513.hdf,89,0
MOD021KM.A2005099.1600.061.2017181160513.hdf,90,0
MOD021KM.A2005099.1600.061.2017181160513.hdf,91,0
MOD021KM.A2005099.1600.061.2017181160513.hdf,92,0
MOD021KM.A2005099.1600.061.2017181160513.hdf,93,0
MOD021KM.A2005099.1600.061.2017181160513.hdf,94,0
MOD021KM.A2005099.1600.061.2017181160513.hdf,95,0
MOD021KM.A2005099.1600.061.2017181160513.hdf,96,0
MOD021KM.A2005099.1600.061.2017181160513.hdf,97,0
MOD021KM.A2005099.1600.061.2017181160513.hdf,98,0
MOD021KM.A2005099.1600.061.2017181160513.hdf,99,0
MOD021KM.A2005099.1600.061.2017181160513.hdf,100,0
MOD021KM.A2005099.1600.061.2017181160513.hdf,101,0
MOD021KM.A2005099.1600.061.2017181160513.hdf,102,0
MOD021KM.A2005099.1600.061.2017181160513.hdf,103,0
MOD021KM.A2005099.1600.061.2017181160513.hdf,104,0
MOD021KM.A2005099.1600.061.2017181160513.hdf,105,0
MOD021KM.A2005099.1600.061.2017181160513.hdf,106,0
MOD021KM.A2005099.1600.061.2017181160513.hdf,107,0
MOD021KM.A2005099.1600.061.2017181160513.hdf,108,0
MOD021KM.A2005099.1600.061.2017181160513.hdf,109,0
MOD021KM.A2005099.1600.061.2017181160513.hdf,110,0
MOD021KM.A2005099.1600.061.2017181160513.hdf,111,0
MOD021KM.A2005099.1600.061.2017181160513.hdf,112,0
MOD021KM.A2006251.1920.061.2017196001226.hdf,0,1664
MOD021KM.A2006251.1920.061.2017196001226.hdf,1,1664
MOD021KM.A2006251.1920.061.2017196001226.hdf,2,1664
MOD021KM.A2006251.1920.061.2017196001226.hdf,3,1664
MOD021KM.A2006251.1920.061.2017196001226.hdf,4,1664
MOD021KM.A2006251.1920.061.2017196001226.hdf,5,1664
MOD021KM.A2006251.1920.061.2017196001226.hdf,6,1664
MOD021KM.A2006251.1920.061.2017196001226.hdf,7,1664
MOD021KM.A2006251.1920.061.2017196001226.hdf,8,1664
MOD021KM.A2006251.1920.061.2017196001226.hdf,9,1664
MOD021KM.A2006251.1920.061.2017196001226.hdf,10,1664
MOD021KM.A2006251.1920.061.2017196001226.hdf,11,1536
MOD021KM.A2006251.1920.061.2017196001226.hdf,12,1536
MOD021KM.A2006251.1920.061.2017196001226.hdf,13,1536
MOD021KM.A2006251.1920.061.2017196001226.hdf,14,1536
MOD021KM.A2006251.1920.061.2017196001226.hdf,15,1536
MOD021KM.A2006251.1920.061.2017196001226.hdf,16,1536
MOD021KM.A2006251.1920.061.2017196001226.hdf,17,1664
MOD021KM.A2006251.1920.061.2017196001226.hdf,18,1664
MOD021KM.A2006251.1920.061.2017196001226.hdf,19,1664
MOD021KM.A2006251.1920.061.2017196001226.hdf,20,1664
MOD021KM.A2006251.1920.061.2017196001226.hdf,21,1664
MOD021KM.A2006251.1920.061.2017196001226.hdf,22,1664
MOD021KM.A2006251.1920.061.2017196001226.hdf,23,1664
MOD021KM.A2006251.1920.061.2017196001226.hdf,24,1664
MOD021KM.A2006251.1920.061.2017196001226.hdf,25,1664
MOD021KM.A2006251.1920.061.2017196001226.hdf,26,1664
MOD021KM.A2006251.1920.061.2017196001226.hdf,27,1664
MOD021KM.A2006251.1920.061.2017196001226.hdf,28,1664
MOD021KM.A2006251.1920.061.2017196001226.hdf,29,1664
MOD021KM.A2006251.1920.061.2017196001226.hdf,30,1664
MOD021KM.A2006251.1920.061.2017196001226.hdf,31,1664
MOD021KM.A2006251.1920.061.2017196001226.hdf,32,1664
MOD021KM.A2006251.1920.061.2017196001226.hdf,33,1664
MOD021KM.A2006251.1920.061.2017196001226.hdf,34,1664
MOD021KM.A2006251.1920.061.2017196001226.hdf,35,1664
MOD021KM.A2006251.1920.061.2017196001226.hdf,36,1664
MOD021KM.A2006251.1920.061.2017196001226.hdf,37,1664
MOD021KM.A2006251.1920.061.2017196001226.hdf,38,1664
MOD021KM.A2006251.1920.061.2017196001226.hdf,39,1536
MOD021KM.A2006251.1920.061.2017196001226.hdf,40,1536
MOD021KM.A2006251.1920.061.2017196001226.hdf,41,1536
MOD021KM.A2006251.1920.061.2017196001226.hdf,42,1536
MOD021KM.A2006251.1920.061.2017196001226.hdf,43,1664
MOD021KM.A2006251.1920.061.2017196001226.hdf,44,1664
MOD021KM.A2006251.1920.061.2017196001226.hdf,45,1664
MOD021KM.A2006251.1920.061.2017196001226.hdf,46,1664
MOD021KM.A2006251.1920.061.2017196001226.hdf,47,1664
MOD021KM.A2006251.1920.061.2017196001226.hdf,48,1664
MOD021KM.A2006251.1920.061.2017196001226.hdf,49,1664
MOD021KM.A2006251.1920.061.2017196001226.hdf,50,1664
MOD021KM.A2006251.1920.061.2017196001226.hdf,51,1664
MOD021KM.A2006251.1920.061.2017196001226.hdf,52,1664
MOD021KM.A2006251.1920.061.2017196001226.hdf,53,1664
MOD021KM.A2006251.1920.061.2017196001226.hdf,54,1664
MOD021KM.A2006251.1920.061.2017196001226.hdf,55,1664
MOD021KM.A2006251.1920.061.2017196001226.hdf,56,1664
MOD021KM.A2006251.1920.061.2017196001226.hdf,57,1664
MOD021KM.A2006251.1920.061.2017196001226.hdf,58,1664
MOD021KM.A2006251.1920.061.2017196001226.hdf,59,1664
MOD021KM.A2006251.1920.061.2017196001226.hdf,60,1536
MOD021KM.A2006251.1920.061.2017196001226.hdf,61,1536
MOD021KM.A2006251.1920.061.2017196001226.hdf,62,1536
MOD021KM.A2006251.1920.061.2017196001226.hdf,63,1536
MOD021KM.A2006251.1920.061.2017196001226.hdf,64,1536
MOD021KM.A2006251.1920.061.2017196001226.hdf,65,1664
MOD021KM.A2006251.1920.061.2017196001226.hdf,66,1664
MOD021KM.A2006251.1920.061.2017196001226.hdf,67,1664
MOD021KM.A2006251.1920.061.2017196001226.hdf,68,1664
MOD021KM.A2006251.1920.061.2017196001226.hdf,69,1664
MOD021KM.A2006251.1920.061.2017196001226.hdf,70,1664
MOD021KM.A2006251.1920.061.2017196001226.hdf,71,1664
MOD021KM.A2006251.1920.061.2017196001226.hdf,72,1664
MOD021KM.A2006251.1920.061.2017196001226.hdf,73,1664
MOD021KM.A2006251.1920.061.2017196001226.hdf,74,1664
